{
    "loss": 1.568537950515747,
    "accuracy": 0.3375000059604645,
    "precision_macro": 0.49887557603686633,
    "recall_macro": 0.36604278074866314,
    "f1_score_macro": 0.36609971592276946
}