{
    "loss": 1.589805006980896,
    "accuracy": 0.3375000059604645,
    "precision_macro": 0.3070846800258565,
    "recall_macro": 0.3698752228163993,
    "f1_score_macro": 0.33039000144766684
}