{
    "loss": 1.6088707447052002,
    "accuracy": 0.1875,
    "precision_macro": 0.17803030303030304,
    "recall_macro": 0.20909090909090908,
    "f1_score_macro": 0.1437310924369748
}