{
    "loss": 1.4328664541244507,
    "accuracy": 0.4000000059604645,
    "precision_macro": 0.3987301587301587,
    "recall_macro": 0.39230540701128935,
    "f1_score_macro": 0.3798462064251538
}