{
    "loss": 1.5899871587753296,
    "accuracy": 0.3375000059604645,
    "precision_macro": 0.38806122448979596,
    "recall_macro": 0.2933452168746286,
    "f1_score_macro": 0.24460241512873093
}