{
    "loss": 1.5199735164642334,
    "accuracy": 0.4375,
    "precision_macro": 0.4295238095238094,
    "recall_macro": 0.447415329768271,
    "f1_score_macro": 0.42043532366113007
}