{
    "loss": 1.5016838312149048,
    "accuracy": 0.4625000059604645,
    "precision_macro": 0.44713514454893766,
    "recall_macro": 0.44893048128342244,
    "f1_score_macro": 0.4313719780065757
}