{
    "loss": 1.1416501998901367,
    "accuracy": 0.5625,
    "precision_macro": 0.5632071632071632,
    "recall_macro": 0.5672608437314319,
    "f1_score_macro": 0.544547803617571
}