{
    "loss": 1.5971803665161133,
    "accuracy": 0.26249998807907104,
    "precision_macro": 0.3407531747190191,
    "recall_macro": 0.29272133095662506,
    "f1_score_macro": 0.236609380594343
}