{
    "loss": 1.6263151168823242,
    "accuracy": 0.2750000059604645,
    "precision_macro": 0.2549853372434018,
    "recall_macro": 0.31574569221628046,
    "f1_score_macro": 0.25892857142857145
}