{
    "loss": 1.595407247543335,
    "accuracy": 0.25,
    "precision_macro": 0.2747435003189479,
    "recall_macro": 0.2857397504456328,
    "f1_score_macro": 0.23978221745361705
}