{
    "loss": 1.6393896341323853,
    "accuracy": 0.23749999701976776,
    "precision_macro": 0.18230769230769234,
    "recall_macro": 0.29483065953654186,
    "f1_score_macro": 0.20605459057071962
}