{
    "loss": 1.6597293615341187,
    "accuracy": 0.1875,
    "precision_macro": 0.21333333333333332,
    "recall_macro": 0.2355020796197267,
    "f1_score_macro": 0.13472227687061447
}