{
    "loss": 1.6081914901733398,
    "accuracy": 0.2750000059604645,
    "precision_macro": 0.26086428191691347,
    "recall_macro": 0.33392751039809865,
    "f1_score_macro": 0.25571087533156495
}