{
    "loss": 1.6261284351348877,
    "accuracy": 0.2750000059604645,
    "precision_macro": 0.21956709956709958,
    "recall_macro": 0.34337492572786693,
    "f1_score_macro": 0.2458874458874459
}