{
    "loss": 1.6028404235839844,
    "accuracy": 0.26249998807907104,
    "precision_macro": 0.461437908496732,
    "recall_macro": 0.32641117052881763,
    "f1_score_macro": 0.23403993855606758
}