{
    "loss": 1.3956091403961182,
    "accuracy": 0.4000000059604645,
    "precision_macro": 0.38674643770551703,
    "recall_macro": 0.4494355317884729,
    "f1_score_macro": 0.365082917082917
}