{
    "loss": 1.3674653768539429,
    "accuracy": 0.44999998807907104,
    "precision_macro": 0.4257862235803412,
    "recall_macro": 0.48740344622697557,
    "f1_score_macro": 0.42191142191142195
}