{
    "loss": 0.9858938455581665,
    "accuracy": 0.6499999761581421,
    "precision_macro": 0.667095010252905,
    "recall_macro": 0.6770944741532976,
    "f1_score_macro": 0.6597096765261078
}