{
    "loss": 1.2219228744506836,
    "accuracy": 0.5375000238418579,
    "precision_macro": 0.5977436771810173,
    "recall_macro": 0.576797385620915,
    "f1_score_macro": 0.5397048772910843
}