{
    "loss": 2.110372543334961,
    "accuracy": 0.2562499940395355,
    "precision_macro": 0.3827536856437112,
    "recall_macro": 0.27069702914904153,
    "f1_score_macro": 0.26022555186685625
}