{
    "loss": 1.9800649881362915,
    "accuracy": 0.34375,
    "precision_macro": 0.318093825249398,
    "recall_macro": 0.3614085175230686,
    "f1_score_macro": 0.32427085986357657
}