{
    "loss": 1.5610778331756592,
    "accuracy": 0.48750001192092896,
    "precision_macro": 0.6193419506462984,
    "recall_macro": 0.5028520499108734,
    "f1_score_macro": 0.48580114874232516
}