{
    "loss": 1.5740876197814941,
    "accuracy": 0.36250001192092896,
    "precision_macro": 0.272691637630662,
    "recall_macro": 0.3922162804515746,
    "f1_score_macro": 0.3015962693928796
}