{
    "loss": 2.5849881172180176,
    "accuracy": 0.21250000596046448,
    "precision_macro": 0.2022743663448398,
    "recall_macro": 0.2128077518886342,
    "f1_score_macro": 0.19769166299561355
}