{
    "loss": 2.454813003540039,
    "accuracy": 0.26875001192092896,
    "precision_macro": 0.23463113224573323,
    "recall_macro": 0.2670869615962327,
    "f1_score_macro": 0.2308709698841378
}