{
    "loss": 2.4811477661132812,
    "accuracy": 0.22499999403953552,
    "precision_macro": 0.20920738520738522,
    "recall_macro": 0.229054281631681,
    "f1_score_macro": 0.20164976657651543
}