{
    "loss": 2.2723519802093506,
    "accuracy": 0.2874999940395355,
    "precision_macro": 0.27146376814333467,
    "recall_macro": 0.297851954547001,
    "f1_score_macro": 0.27269602771407736
}