{
    "loss": 1.430896520614624,
    "accuracy": 0.4375,
    "precision_macro": 0.4715538847117794,
    "recall_macro": 0.4285502079619727,
    "f1_score_macro": 0.4242979242979243
}