{
    "loss": 1.4144448041915894,
    "accuracy": 0.4375,
    "precision_macro": 0.4566529304029304,
    "recall_macro": 0.4494949494949495,
    "f1_score_macro": 0.396139146567718
}