{
    "loss": 1.3207465410232544,
    "accuracy": 0.4625000059604645,
    "precision_macro": 0.44113876319758666,
    "recall_macro": 0.43669043374925726,
    "f1_score_macro": 0.4338565082783686
}