{
    "loss": 1.4785830974578857,
    "accuracy": 0.3499999940395355,
    "precision_macro": 0.38134453781512606,
    "recall_macro": 0.3611408199643494,
    "f1_score_macro": 0.34966166110493135
}