{
    "loss": 1.5437743663787842,
    "accuracy": 0.3499999940395355,
    "precision_macro": 0.38702341137123747,
    "recall_macro": 0.36215092097445034,
    "f1_score_macro": 0.3413533834586466
}