{
    "loss": 1.6032257080078125,
    "accuracy": 0.22499999403953552,
    "precision_macro": 0.2726190476190476,
    "recall_macro": 0.23282828282828288,
    "f1_score_macro": 0.18030276430276432
}