{
    "loss": 1.5952049493789673,
    "accuracy": 0.3125,
    "precision_macro": 0.34579004329004326,
    "recall_macro": 0.3363042186571598,
    "f1_score_macro": 0.3130029612788233
}