{
    "loss": 1.6220592260360718,
    "accuracy": 0.23749999701976776,
    "precision_macro": 0.20441558441558444,
    "recall_macro": 0.2289364230540701,
    "f1_score_macro": 0.1700406156999778
}