{
    "loss": 1.3534671068191528,
    "accuracy": 0.4749999940395355,
    "precision_macro": 0.5129978354978355,
    "recall_macro": 0.4890671420083185,
    "f1_score_macro": 0.47286484388476796
}