{
    "loss": 1.073030948638916,
    "accuracy": 0.550000011920929,
    "precision_macro": 0.551022696601644,
    "recall_macro": 0.5481580510992276,
    "f1_score_macro": 0.52718715393134
}